Month,Name,Address,Date of Birth,Service Provider,Account Type,Billed Amount,Paid Amount
July,YFNIQCDTQW, Delhi,9/24/1989,Airtel,P,6155.98,2701.24
March,QOEORMGDAT, Kolkata,7/7/1995,Idea,C,5539.41,3110.41
October,XEOFGPIYZC, Chennai,8/23/1957,Vodafone,P,2844.71,2148.03
November,MKHAZJDSLP, Delhi,12/15/1994,Jio,C,5254.45,5187.47
November,AVJUQBHRZY, Delhi,7/28/1980,Airtel,C,3776.09,2146.34
May,FXAXGHOKND, Mumbai,11/17/1952,Jio,P,7450.29,3913.42
January,QDQLZXPBJE, Mumbai,1/3/1950,BSNL,C,2227.34,1925.4
September,IIWNKFDXQX, Mumbai,2/15/1965,Vodafone,P,9330.91,5240.69
November,IHXGPTIZID, Delhi,7/11/1965,Airtel,C,1396.84,1361.75
August,BAOIMCCRWJ, Delhi,9/7/1966,Airtel,P,1536.58,1512.99
April,ILDDNFSJYR, Chennai,12/13/1993,BSNL,C,6056.04,2920.98
March,KFACOUBWDR, Kolkata,12/15/1951,BSNL,C,5304.94,3407.15
September,RMCURYJYOP, Chennai,10/12/1983,BSNL,P,3445.88,3435.59
September,CZKMNLLVTM, Kolkata,10/6/1971,Idea,C,9209.46,8872.55
January,PBYODRIBYA, Chennai,9/5/2005,BSNL,C,8024.46,4349.16
April,WLYPWSVRMM, Chennai,4/21/1980,Jio,C,1607.04,1215.97
March,QJVLEZVYRO, Chennai,5/17/1978,Vodafone,P,3836.31,2690.4
March,ZHULHGIQYO, Delhi,9/24/1985,Airtel,P,8762.22,3293.1
June,CCDMOYDJZR, Mumbai,1/8/1958,BSNL,P,5902.12,2721.55
April,QSKZYSFLVH, Kolkata,10/5/1962,Airtel,C,3147.43,3127.82
January,IRQKCIOIMW, Delhi,7/24/1995,Jio,C,5902.97,1540.11
October,NUNVCKKNHG, Delhi,6/2/1981,Idea,C,1043.27,1014.94
July,KEDWPLXKCB, Delhi,9/21/1961,Airtel,P,7079.27,4217.35
December,KNTIPDWEWH, Mumbai,11/2/1971,BSNL,P,8919.11,1294.74
July,LUOFMBLAWE, Delhi,2/27/1974,Vodafone,C,1620.03,1190.65
December,BFNLLQHXDA, Mumbai,5/22/1966,Idea,C,7817.41,5623.88
July,BBXYGBWKNX, Bangalore,10/7/1989,Vodafone,P,6908.64,5558.1
June,KLKHDIDENN, Kolkata,11/14/1970,BSNL,P,4126.79,3547.26
September,GPIOOWTXVF, Delhi,2/2/1978,Airtel,C,5829.96,3018.98
July,XMHUSSUONO, Bangalore,6/18/1958,BSNL,C,2784.77,2063.64
December,YINYWGGVDI, Mumbai,11/11/1972,Airtel,P,9290.07,2692.99
June,MJCPNAGBRQ, Mumbai,2/21/1993,Airtel,C,1086.41,1077.26
December,FEBSSEOOHA, Delhi,1/20/1979,BSNL,C,2064.98,1902.29
October,LEYRLTHOLB, Bangalore,4/17/1973,Vodafone,P,1347.67,1091.02
January,DSOFUUEPXM, Bangalore,11/21/1980,Idea,C,5047.67,4863.85
September,RRCYRNJXDQ, Kolkata,6/8/1966,Vodafone,P,3762.9,2984.68
November,FLLNTGMVIK, Mumbai,4/3/1976,Jio,P,6093.56,3070.82
September,MQDYTPLPOI, Kolkata,10/20/1964,Jio,C,2899.02,2830.12
June,KUJJVFSOYK, Chennai,7/22/1950,Vodafone,P,6972.62,5914.56
January,SYXBWLHZXM, Bangalore,10/2/1973,BSNL,P,6709.65,4341.03
March,ZDIGABRMID, Mumbai,9/1/1968,Vodafone,C,1582.57,1484.38
March,BQKNSSAXIB, Kolkata,9/2/1978,Vodafone,P,6780.69,1201.96
April,HIZQMYHDFN, Chennai,1/2/1960,Airtel,P,1658.77,1315.83
September,ZGZEYPWBOM, Chennai,1/23/1950,BSNL,P,1241.57,1064.21
September,USMZJQLKKF, Chennai,12/10/1970,Airtel,P,1866.49,1416.77
April,AZUIMXWLQO, Kolkata,9/7/1984,BSNL,P,9224.55,6037.84
September,DIEZXJGFKP, Chennai,6/22/1996,Idea,C,4543.99,2702.19
November,PSECYVVDZA, Mumbai,12/10/1959,Airtel,C,9598.35,3314.47
November,DVPFUCJMIK, Delhi,6/15/1953,Airtel,C,3129.4,2695
November,OTEIYOFKXE, Delhi,3/23/1988,Vodafone,C,1597.61,1501.18
October,IMXZKWHUOE, Delhi,9/26/1998,Vodafone,P,3677.16,2025.5
May,BBZLJVXCWG, Bangalore,6/21/1977,Airtel,P,9833.37,2268.53
April,ZLFJQACZQZ, Delhi,4/4/1954,Jio,C,2952.11,1339.79
June,KFDZXOACIQ, Mumbai,9/10/2003,BSNL,P,8159.5,5151.11
October,JYEFNWSFVE, Chennai,2/21/1987,BSNL,P,8471.67,1156.33
October,UMBMAYZZRJ, Mumbai,10/2/1966,Idea,P,9348.47,8825.9
January,FBWWLZAEJL, Mumbai,4/1/1991,BSNL,C,9681.53,2722.73
June,LZDQYUAPXL, Bangalore,6/15/1976,Vodafone,P,4106.64,1805.5
November,ETMXLONWJF, Delhi,10/26/1987,Idea,C,8567.9,5298.1
September,MVYCJXODEV, Bangalore,1/13/1967,Airtel,P,8204.88,2572.03
January,RSPPZFCZPA, Mumbai,4/3/1970,Airtel,C,2845.6,1792.58
November,HFBSYAOLAG, Bangalore,2/9/1965,Airtel,C,6869.44,5800.55
June,HWVWYPBCOQ, Chennai,6/18/1978,Vodafone,P,6951.27,6489.93
January,MNSZMZPWDY, Mumbai,12/14/1976,Airtel,C,5807.83,5304.34
June,KZKSXPSLZD, Bangalore,8/15/1952,Jio,C,5024.79,1897.44
May,OAYUPDRQOA, Kolkata,2/6/2004,BSNL,P,6306.72,2910.94
July,YVTPVMQHVY, Delhi,4/16/2005,Jio,C,8787.58,4373.18
January,KNXIPNLHVV, Delhi,5/23/2005,BSNL,P,9346.28,5055.85
May,LRHWCHNRQN, Mumbai,5/12/1993,Jio,P,5306.49,2830.44
May,LJXAAELFFA, Kolkata,8/12/1969,Airtel,P,3726.97,1631.65
August,WUVAACGQOP, Mumbai,3/18/1981,Vodafone,P,7291.59,3226.14
November,FRDUXCNOSK, Mumbai,5/4/1950,BSNL,C,2416.28,1038.51
July,JTLWJQMYCK, Kolkata,6/14/1970,Airtel,C,9236.17,7237.71
February,YMRBUUWSEF, Chennai,2/13/1960,Jio,P,6293.07,5960.2
April,ADDZEFORSQ, Bangalore,8/7/1961,Idea,C,7023.26,3153.08
May,DQWBPYFVOI, Chennai,3/20/1986,Jio,P,3418.77,1085.79
September,DGITXIFNZI, Bangalore,9/1/1967,BSNL,P,3169.97,1546.92
April,RJUEYAXRES, Mumbai,7/27/1999,Vodafone,C,4437.25,1024.61
August,CUHFYJIULT, Delhi,2/28/1992,BSNL,C,8289.8,2332.03
July,KWVPAXHYNF, Chennai,7/8/1956,Idea,P,8005.84,2242.49
February,PQSLAVHCWX, Chennai,1/27/1952,Idea,C,9047.2,3479.1
June,NLSBRWPZJY, Kolkata,4/19/1969,Vodafone,P,7622.43,1546.1
January,QXRENTSRKF, Bangalore,8/2/1985,Idea,C,9854.16,1235.44
October,QAFEJIVSOP, Chennai,4/7/1985,Jio,P,7547.86,1980.74
April,XEMRRAVJVU, Delhi,3/18/1968,Vodafone,P,6791.83,5340.93
November,KXJDHUOAPQ, Mumbai,8/3/1992,Vodafone,C,5689.57,1886.82
January,DLKSMYWCFL, Bangalore,5/27/1968,BSNL,C,8144.6,2879.5
December,WRAODEUCNU, Mumbai,11/2/1952,BSNL,P,7571.93,4601.58
May,PISRKNNQJW, Chennai,12/11/1976,Airtel,P,1773.57,1652.92
October,LNGUVSZOGC, Mumbai,4/14/1987,Jio,P,8596.92,2302.05
June,TXRTTGPSRB, Bangalore,5/2/1956,Idea,C,6584.85,3672.47
March,KWRHAHYWJP, Delhi,8/23/1988,Airtel,P,7093.61,1536.4
March,VYNHANEMEP, Bangalore,9/13/2000,Idea,P,6657.17,6343.28
April,RLGNWNHHHQ, Delhi,2/1/1988,Airtel,P,8444.72,6875.34
November,XKEBYGXQHG, Kolkata,2/2/1999,Idea,C,9283.69,5028.4
October,NECXDIQVIU, Chennai,9/15/1964,Airtel,P,2600.21,1485.37
July,FEDQTYXUQK, Delhi,9/13/1951,Jio,C,7268.64,5972.35
March,HXWEFPZJEX, Chennai,11/8/1990,Vodafone,C,7840.36,5161.7
March,UFAYKJRZYA, Chennai,12/9/1954,Idea,C,8130.39,4309.5
April,WKBFKZKCGG, Delhi,1/17/1964,Idea,C,9510.58,6324.59
March,WAKXNVGADH, Mumbai,9/26/1998,Airtel,C,9982.44,7843.94
April,OEQRDRVWIN, Kolkata,7/8/1955,Vodafone,P,7643.93,6888.64
January,JVFWOENRDD, Kolkata,6/9/1995,Airtel,C,1413.36,1384.82
June,VJRQHBTGOY, Mumbai,9/1/1950,Airtel,P,2177.95,2018.85
April,VMVWYJHEFO, Kolkata,5/19/1985,Jio,C,8064.8,5377.06
June,TKCXCBQEDG, Bangalore,2/5/1995,BSNL,P,5182.11,2653.77
March,IJODDLDBBT, Kolkata,2/12/1960,Vodafone,P,8160.71,2290.9
May,LJIVVNDMVT, Bangalore,7/5/1971,Idea,C,8770.13,1036.46
September,ODNXTWIXAY, Chennai,2/28/1951,BSNL,C,2205.69,1077.1
February,PBVJJAKHDU, Bangalore,7/19/1965,Idea,C,8968.03,4685.12
August,UUWWQGKBNW, Bangalore,12/4/1980,BSNL,P,3689.86,1734.93
May,EGUOCSBOUK, Kolkata,3/28/1980,Airtel,P,9149.09,4526.2
February,OJTOQXPPJP, Mumbai,7/11/1950,Airtel,C,7893.59,4138.3
December,NUTWCNNCEO, Delhi,12/11/1953,BSNL,C,4690.95,1738.8
March,TWUNAWJCVA, Mumbai,1/26/2001,Idea,P,6245.1,1670.64
June,HVLUQHPBGC, Mumbai,2/23/1998,Airtel,C,5653.68,1863.96
June,YLNBMSXGAF, Chennai,3/28/1996,Airtel,P,4104.17,2853.94
August,PJKNGPJKWB, Chennai,7/28/1997,Idea,C,7302.33,1315.24
October,KYLPRJLEXC, Kolkata,4/2/2001,Jio,C,7285.54,3156.64
April,BSXRLDQPBX, Mumbai,8/12/1954,Airtel,C,7591.72,5337.04
December,WLWGFVOTWB, Chennai,4/8/1999,BSNL,P,7687.98,6902.71
March,NUYUUIISIT, Kolkata,12/5/1985,BSNL,P,3705.37,2575.79
May,BJMEXZUBVT, Mumbai,2/12/1998,BSNL,C,1212.43,1073.14
September,MPOBDKKYMY, Mumbai,6/10/1977,Vodafone,C,2566.62,2241.12
February,PIHGWEIADH, Kolkata,11/28/1968,Idea,C,8655.04,7358.17
November,FVEZSEWNFE, Delhi,9/21/1951,Vodafone,P,7330.15,2207.73
December,YTQIVYIURN, Bangalore,7/7/1951,BSNL,C,7129.58,5293.35
September,WUUDQZQYKN, Mumbai,6/3/1967,Airtel,P,4958.66,3661.61
November,FEQXFJFZWZ, Chennai,4/11/2002,Vodafone,C,5434.54,4987.74
September,DISEPFZOLV, Mumbai,10/22/1993,Airtel,P,7856.93,5631.26
December,KJXRNDZZST, Mumbai,10/1/1968,BSNL,C,6700.63,6591.92
August,QHNAJTUDBY, Delhi,6/6/1986,Jio,C,8015.16,2434.38
October,RICMOPSXUQ, Mumbai,5/27/1998,BSNL,P,9719.97,1833.35
September,HNWFJNIHQD, Bangalore,6/28/1966,Idea,P,6608.01,5910.04
May,ZNPPCGCDXP, Bangalore,6/3/1978,Jio,C,3527.24,1705.44
November,ZCEEPNEHRH, Mumbai,11/23/1973,Idea,C,9885.18,9491.25
June,BWAMMDYEGR, Bangalore,3/28/1990,BSNL,C,3377.29,1329.87
August,SUZPPKKERM, Kolkata,9/9/1986,BSNL,C,2115.23,1538.72
October,SHRQIRYHYA, Kolkata,3/6/1976,Airtel,C,7239.41,6599.63
July,KDFHXKXNLH, Kolkata,1/2/1963,Vodafone,C,7109.92,6813.12
January,CSRJMBBOIY, Delhi,4/13/1981,Idea,P,9021.86,8754.32
October,TPNVSDILWZ, Chennai,10/1/1992,Vodafone,P,9482.54,8451.15
May,NQCBVSOLDQ, Kolkata,1/12/1985,BSNL,C,5298.36,2549.78
April,JBSLPIYXMW, Delhi,5/9/1967,Jio,P,5987.73,1882.82
June,ZXPOYLANYP, Chennai,5/23/1962,Jio,C,3628.87,1589.12
November,PMUXEZNUUD, Delhi,12/16/1952,BSNL,P,9838.25,5990.53
August,EDPLEOXVXX, Chennai,7/16/1989,Jio,P,8765.76,7524.58
January,YENSJJLTMA, Chennai,11/19/1952,Airtel,P,1612.81,1556.82
October,EKBIHBHSMN, Kolkata,2/16/1953,BSNL,C,7414.47,6729.03
March,YUDXTXYSSL, Bangalore,12/2/1979,Vodafone,P,5416.71,2489.95
August,MZESBAMATT, Chennai,9/10/2004,Idea,P,8878.44,4181.95
December,XUHMRCQJON, Mumbai,8/9/1981,Idea,P,1617.25,1084.57
December,WLJYQVQKRS, Delhi,6/1/1956,Airtel,C,8209.51,5958.37
May,ZHXCALYEKZ, Kolkata,12/25/2003,Idea,C,3572.75,1336.01
November,RHVSKOUPCF, Chennai,12/16/1964,BSNL,C,3083.34,1167.46
October,TTNPOEGXDX, Delhi,10/28/1966,Airtel,P,4832.77,4505.2
June,EVQTJZGORC, Delhi,8/24/1966,Airtel,C,1744.25,1520.25
October,FUTNCGGJZY, Kolkata,10/14/1978,Jio,C,3979.29,3170.22
December,PAPRPIULXN, Delhi,12/18/1962,Airtel,P,5207.94,1925.43
September,NJLJKQQVPL, Bangalore,3/5/1962,Jio,C,1213.88,1191.75
September,ZGGSCLSXBR, Kolkata,4/6/1971,BSNL,C,3203.21,1413.93
July,QIGABCCAOE, Mumbai,3/22/1956,Idea,C,9024.21,7951.01
October,JCFXQFUUFG, Kolkata,6/15/1966,Idea,P,3098.59,1855.96
April,RVHOLPEQUS, Bangalore,7/22/2002,Idea,C,3549.38,1042.81
September,FNZIMENRMR, Bangalore,8/1/1958,Idea,C,3202.41,1426.61
October,VCMUTFLHLV, Chennai,10/6/1982,Jio,P,2018.52,1407.7
March,EQVJVRACOS, Chennai,11/2/1984,Airtel,C,9609.06,2090.5
January,GUQSGWOKXG, Bangalore,9/4/1970,Idea,C,8196.47,5406.19
June,PCBPFXHXVX, Kolkata,10/22/2000,BSNL,C,1816.59,1632
March,GBVHGTUBNB, Chennai,11/17/1970,Vodafone,C,9530.3,1145.51
May,EFUNZITBLE, Bangalore,10/28/1987,Vodafone,C,2934.98,1524.45
August,DOMGEBZVAV, Bangalore,1/13/1990,Idea,C,1476.6,1405.63
August,IGIWBGQYKY, Delhi,6/19/1977,Airtel,C,2449.94,1372.74
December,MVFYVKCKRE, Mumbai,1/22/1989,Idea,P,4597,4369.22
September,GGWSBPZOCO, Delhi,1/1/1964,Jio,C,2997.73,2974.92
September,LYVTPTMVYE, Chennai,2/4/1975,Airtel,P,7725.57,6281.48
November,LMYIWXVCHP, Mumbai,7/3/1993,Airtel,P,9267.86,1317.97
February,MCXELPQNVA, Bangalore,2/6/1967,Vodafone,P,7325.28,1210.59
October,UIALPCRSBZ, Chennai,2/4/1989,Idea,P,7756.43,6289.58
November,MVQVRIHDGS, Chennai,11/23/1964,BSNL,P,8585.36,5135.29
January,NQCFLNFBYT, Chennai,8/2/1964,Airtel,C,7509.33,4049.65
July,NSJJHWIEFZ, Kolkata,9/10/1979,Jio,C,1374.03,1300.54
June,WCVIFWAIEG, Mumbai,10/9/1958,Airtel,C,3287,1261.61
January,YUOZZLQOBG, Kolkata,5/13/1974,Idea,P,6413.35,5888.35
March,JSNLMHAEJB, Delhi,12/23/1970,Airtel,P,4829.81,3638.4
July,QDUNHQREVO, Kolkata,7/25/1973,Vodafone,P,7686.52,1838.29
September,WEVATOSTRI, Bangalore,7/5/2005,Airtel,P,3991.45,3193.38
August,TVZPZIPDMW, Bangalore,3/22/1974,Idea,C,9608.59,6887.24
February,GUXQNSEYIF, Bangalore,1/24/1961,Jio,C,3891.99,2855.23
November,ZFRTDABMMP, Chennai,6/18/2000,Airtel,P,7273.17,4627.14
October,TWQINANFVR, Mumbai,12/15/1961,BSNL,C,7758.17,2474.08
July,BDUMMPVAHC, Chennai,3/15/1965,Vodafone,P,8035.66,4357.56
December,LAAGCKJGZR, Chennai,10/1/1955,Idea,C,3993.62,3221.13
December,YDGRENEFAM, Mumbai,1/4/1953,Vodafone,P,9409.09,5175.09
August,FCUFIUMMQZ, Mumbai,10/17/1957,Airtel,P,5821.28,3065.75
October,GSHQJPUCJH, Mumbai,10/1/1963,Jio,C,3614.78,2653.31
June,NNIHNAZXLC, Kolkata,6/15/1981,Airtel,P,9020.82,6684.2
August,KPGVYVIEFE, Mumbai,2/6/1961,Idea,P,1275.42,1246.62
November,PQNNEILFYM, Chennai,10/23/1974,Airtel,P,6482.77,3405.82
May,FWGQRNGVXW, Delhi,1/13/1992,BSNL,C,7429.21,2822.09
